{"loss": 7.017487223492935e-05, "accuracy": 1.0, "_timestamp": 1706754545.9174886, "_runtime": 68.6752016544342, "_step": 119, "test_loss": 0.0007969738799147308, "test_accuracy": 1.1770833333333333, "_wandb": {"runtime": 67}}