{"loss": 5.0484299659729, "accuracy": 0.23853211009174313, "_timestamp": 1706817437.324791, "_runtime": 41.634657859802246, "_step": 119, "test_loss": 3.278092366138487, "test_accuracy": 0.11704834605597962, "_wandb": {"runtime": 46}}