{"loss": 1.7874966859817505, "accuracy": 0.0939797794117647, "_timestamp": 1706761404.3154075, "_runtime": 25.049346446990967, "_step": 119, "test_loss": 0.3992721736431122, "test_accuracy": 0.04861111111111111, "_wandb": {"runtime": 24}}