{"loss": 1.6441400051116943, "accuracy": 0.7125, "_timestamp": 1706204982.4329178, "_runtime": 25.300015926361084, "_step": 5, "_wandb": {"runtime": 24}}