{"loss": 0.22215093672275543, "accuracy": 0.19956816059757237, "_timestamp": 1706759021.3466973, "_runtime": 186.66164922714233, "_step": 24, "test_loss": 0.05895369127392769, "test_accuracy": 0.365232683982684, "_wandb": {"runtime": 185}}