{"loss": 1.154171347618103, "accuracy": 0.19401041666666666, "_timestamp": 1706761743.7503757, "_runtime": 18.113263845443726, "_step": 0, "_wandb": {"runtime": 16}}