{"loss": 0.015695050358772278, "accuracy": 1.0, "_timestamp": 1706817570.3668666, "_runtime": 65.88041663169861, "_step": 342, "test_loss": 12.410134640754816, "test_accuracy": 0.16984993178717597, "_wandb": {"runtime": 65}}