{"loss": 0.4923959317115637, "accuracy": 0.8070996928418803, "_timestamp": 1706792663.482429, "_runtime": 1572.0892119407654, "_step": 119, "test_loss": 3.0282624567649803, "test_accuracy": 0.4537077762139338, "_wandb": {"runtime": 1581}}