{"loss": 6.442080497741699, "accuracy": 0.28273809523809523, "_timestamp": 1706206868.0153072, "_runtime": 119.15370512008667, "_step": 0, "_wandb": {"runtime": 122}}