{"loss": 0.7823764085769653, "accuracy": 0.19166666666666668, "_timestamp": 1706213391.0744965, "_runtime": 609.4214425086975, "_step": 49, "test_loss": 0.030540429055690765, "test_accuracy": 0.25084057971014495, "_wandb": {"runtime": 611}}