{"loss": 1.8026370406150818, "accuracy": 0.18446180555555555, "_timestamp": 1706762810.7983434, "_runtime": 17.005894422531128, "_step": 0, "_wandb": {"runtime": 15}}