{"loss": 0.00030522827216406803, "accuracy": 1.0, "_timestamp": 1706790953.8129625, "_runtime": 988.1992435455322, "_step": 239, "test_loss": 7.005812520072574, "test_accuracy": 0.4806547619047619, "_wandb": {"runtime": 1107}}