{"loss": 0.5263217602457319, "accuracy": 0.801436011904762, "_timestamp": 1706765502.545846, "_runtime": 1182.0224680900574, "_step": 239, "test_loss": 1.8621077658165068, "test_accuracy": 0.49988553113553114, "_wandb": {"runtime": 1191}}