{"loss": 3.597881317138672, "accuracy": 0.047244094488188976, "_timestamp": 1706761493.7035217, "_runtime": 22.498480796813965, "_step": 119, "test_loss": 0.44616037607192993, "test_accuracy": 0.20174632352941177, "_wandb": {"runtime": 21}}