{"loss": 4.371033191680908, "accuracy": 0.11987704918032788, "_timestamp": 1706761828.9641314, "_runtime": 18.979432344436646, "_step": 0, "_wandb": {"runtime": 16}}