{"loss": 1.7493466309138708, "accuracy": 0.26803762965582273, "_timestamp": 1706820824.2840004, "_runtime": 246.26561737060547, "_step": 239, "test_loss": 1.7790361727987016, "test_accuracy": 0.21269132653061223, "_wandb": {"runtime": 420}}