{"loss": 8.716996192932129, "accuracy": 0.33203125, "_timestamp": 1706762042.1199768, "_runtime": 16.548227787017822, "_step": 0, "_wandb": {"runtime": 15}}