{"loss": 0.0019345717737451196, "accuracy": 0.9958333333333333, "_timestamp": 1706205187.33323, "_runtime": 82.8924400806427, "_step": 57, "_wandb": {"runtime": 82}}