{"loss": 1.5135494129998341, "accuracy": 0.25, "_timestamp": 1706817643.4081442, "_runtime": 58.603716135025024, "_step": 239, "test_loss": 2.4855253301272735, "test_accuracy": 0.2120165745856353}