{"loss": 0.024285844230855055, "accuracy": 0.9943181818181818, "_timestamp": 1706820502.4448135, "_runtime": 149.48458242416382, "_step": 239, "test_loss": 5.603235267457508, "test_accuracy": 0.20227465986394555, "_wandb": {"runtime": 175}}