{"loss": 0.07085644453763962, "accuracy": 0.2940051020408163, "_timestamp": 1706758104.573141, "_runtime": 147.6726779937744, "_step": 6, "test_loss": 0.06889162957668304, "test_accuracy": 0.21007525083612041, "_wandb": {"runtime": 156}}