{"loss": 1.3503751754760742, "accuracy": 0.2010855923694779, "_timestamp": 1706760707.5985634, "_runtime": 50.39182949066162, "_step": 17, "test_loss": 0.24324724078178406, "test_accuracy": 0.1566468253968254, "_wandb": {"runtime": 45}}