{"loss": 0.07038766890764236, "accuracy": 0.9270833333333334, "_timestamp": 1706753769.4601264, "_runtime": 28.62155032157898, "_step": 50, "test_loss": 0.07633358240127563, "test_accuracy": 1.0538194444444444, "_wandb": {"runtime": 27}}