{"loss": 0.07644837010990489, "accuracy": 0.9794651679841896, "_timestamp": 1706763825.8417494, "_runtime": 307.529860496521, "_step": 239, "test_loss": 2.104126897123125, "test_accuracy": 0.5850694444444444, "_wandb": {"runtime": 751}}