{"loss": 0.6754146218299866, "accuracy": 0.4833333333333333, "_timestamp": 1706218585.1119213, "_runtime": 401.1954584121704, "_step": 24, "test_loss": 0.029754996299743652, "test_accuracy": 0.27090395480225987, "_wandb": {"runtime": 447}}