{"loss": 0.000239360869851556, "accuracy": 1.0, "_timestamp": 1706763434.1289294, "_runtime": 121.50937342643738, "_step": 239, "test_loss": 6.5059386359320746, "test_accuracy": 0.47620506535947715, "_wandb": {"runtime": 185}}