{"loss": 7.8505682945251465, "accuracy": 0.2336448598130841, "_timestamp": 1706762155.52291, "_runtime": 18.197583198547363, "_step": 0, "_wandb": {"runtime": 16}}