{"loss": 1.4214069843292236, "accuracy": 0.14453125, "_timestamp": 1706762926.4955301, "_runtime": 23.27978205680847, "_step": 119, "test_loss": 1.6581040187315508, "test_accuracy": 0.331439393939394, "_wandb": {"runtime": 22}}