{"loss": 1.135019063949585, "accuracy": 0.37940705128205127, "_timestamp": 1706760795.881981, "_runtime": 52.88054394721985, "_step": 38, "test_loss": 0.1288149505853653, "test_accuracy": 0.1346153846153846, "_wandb": {"runtime": 47}}