{"loss": 1.716410756111145, "accuracy": 0.19921875, "_timestamp": 1706762426.005491, "_runtime": 16.95007300376892, "_step": 0, "_wandb": {"runtime": 15}}