{"loss": 0.0017502613395773818, "accuracy": 0.8822755222371969, "_timestamp": 1706793426.141379, "_runtime": 608.1440331935883, "_step": 119, "test_loss": 0.1359163549268383, "test_accuracy": 0.2809677750410509, "_wandb": {"runtime": 640}}