{"loss": 0.12226755917072296, "accuracy": 0.17495608157055928, "_timestamp": 1706759193.2565765, "_runtime": 145.83998250961304, "_step": 14, "test_loss": 0.07029203325510025, "test_accuracy": 0.30819444444444444, "_wandb": {"runtime": 147}}