{"loss": 0.07056910544633865, "accuracy": 0.2302295918367347, "_timestamp": 1706757841.1798925, "_runtime": 275.6662895679474, "_step": 30, "test_loss": 0.06523372232913971, "test_accuracy": 0.31639150943396227, "_wandb": {"runtime": 280}}