{"loss": 0.0008151596412062645, "accuracy": 1.0, "_timestamp": 1706766051.1219995, "_runtime": 403.4197235107422, "_step": 239, "test_loss": 5.474061716686595, "test_accuracy": 0.44105113636363635, "_wandb": {"runtime": 443}}