{"loss": 1.1418092250823975, "accuracy": 0.6369977678571428, "_timestamp": 1706763016.0020795, "_runtime": 47.58020853996277, "_step": 119, "test_loss": 1.6990196202930652, "test_accuracy": 0.28498803827751196, "_wandb": {"runtime": 105}}