{"loss": 3.599575996398926, "accuracy": 0.027777777777777776, "_timestamp": 1706762680.0066884, "_runtime": 16.591001272201538, "_step": 0, "_wandb": {"runtime": 14}}