{"loss": 0.7933430671691895, "accuracy": 0.2868963068181818, "_timestamp": 1706760898.259581, "_runtime": 84.45561003684998, "_step": 104, "test_loss": 0.16529648005962372, "test_accuracy": 0.3955576559546314, "_wandb": {"runtime": 79}}