{"loss": 0.010635696910321712, "accuracy": 1.0, "_timestamp": 1706763263.0207126, "_runtime": 47.33727264404297, "_step": 119, "test_loss": 8.936790915096507, "test_accuracy": 0.07384910485933503, "_wandb": {"runtime": 73}}