{"loss": 0.10547397315365249, "accuracy": 0.9686064318529862, "_timestamp": 1706818273.992985, "_runtime": 135.9875569343567, "_step": 239, "test_loss": 4.622380134510752, "test_accuracy": 0.23154848046309692, "_wandb": {"runtime": 631}}