{"loss": 72.39103698730469, "accuracy": 0.0, "_timestamp": 1706761932.924249, "_runtime": 15.331437826156616, "_step": 0, "_wandb": {"runtime": 14}}