{"loss": 0.0023583548609167337, "accuracy": 0.996875, "_timestamp": 1706205080.7245762, "_runtime": 33.093510150909424, "_step": 15, "_wandb": {"runtime": 32}}