{"loss": 2.1114513874053955, "accuracy": 0.27176339285714285, "_timestamp": 1706761076.512245, "_runtime": 37.532634019851685, "_step": 119, "test_loss": 0.5559770464897156, "test_accuracy": 0.034375, "_wandb": {"runtime": 36}}